{
  "hosting": {
    "site": "snoop-landing-page-web",
    "public": "build",
    "headers": [
      {
        "source": "/**",
        "headers": [
          {
            "key": "Cache-Control",
            "value": "no-cache, no-store, must-revalidate"
          }
        ]
      },
      {
        "source":
          "**/*.@(jpg|jpeg|gif|png|svg|webp|js|css|eot|otf|ttf|ttc|woff|woff2|font.css)",
        "headers": [
          {
            "key": "Cache-Control",
            "value": "max-age=604800"
          }
        ]
      }
    ],
    "ignore": [
      "firebase.json",
      "**/.*",
      "**/node_modules/**"
    ],
    "rewrites": [
      {
        "source": "**",
        "destination": "/index.html"
      }
    ]
  }
}
